{
  "totalCoveredMin": 0.001,
  "waitPenalty": -4.729299620260503,
  "switchBonus": 2.4814960703647535,
  "stabilityBonus": -143.09272496154406,
  "productiveLossMin": -0.2850053338283141,
  "preferredRoomBonus": 5
}